table_name,session_id,metric,tested_values,iqr_outliers,modified_z_outliers,consensus_outliers,status
lap,2,lap_time_ms,832,3,1,1,completed
lap,2,sector1_time_ms,832,31,14,14,completed
lap,2,sector2_time_ms,832,3,0,0,completed
lap,2,sector3_time_ms,832,8,6,6,completed
lap,2,speed_i1,832,17,17,17,completed
lap,2,speed_i2,832,2,0,0,completed
lap,2,speed_fl,832,78,56,56,completed
lap,2,speed_st,832,103,95,95,completed
lap,6,lap_time_ms,1105,56,41,41,completed
lap,6,sector1_time_ms,1085,60,43,43,completed
lap,6,sector2_time_ms,1105,70,47,47,completed
lap,6,sector3_time_ms,1105,47,33,33,completed
lap,6,speed_i1,1105,20,11,11,completed
lap,6,speed_i2,1105,45,25,25,completed
lap,6,speed_fl,1105,25,3,3,completed
lap,6,speed_st,1105,180,82,82,completed
lap,8,lap_time_ms,1110,27,19,19,completed
lap,8,sector1_time_ms,1090,51,15,15,completed
lap,8,sector2_time_ms,1110,36,17,17,completed
lap,8,sector3_time_ms,1110,18,8,8,completed
lap,8,speed_i1,1110,42,27,27,completed
lap,8,speed_i2,1110,44,27,27,completed
lap,8,speed_fl,1110,95,49,49,completed
lap,8,speed_st,1110,193,174,174,completed
lap,10,lap_time_ms,1380,60,50,50,completed
lap,10,sector1_time_ms,1361,59,36,36,completed
lap,10,sector2_time_ms,1380,62,55,55,completed
lap,10,sector3_time_ms,1380,35,28,28,completed
lap,10,speed_i1,1380,63,70,63,completed
lap,10,speed_i2,1380,48,22,22,completed
lap,10,speed_fl,1380,98,59,59,completed
lap,10,speed_st,1380,95,84,84,completed
lap,12,lap_time_ms,641,36,29,29,completed
lap,12,sector1_time_ms,622,26,18,18,completed
lap,12,sector2_time_ms,641,28,18,18,completed
lap,12,sector3_time_ms,641,2,1,1,completed
lap,12,speed_i1,641,20,7,7,completed
lap,12,speed_i2,641,19,8,8,completed
lap,12,speed_fl,641,31,14,14,completed
lap,12,speed_st,641,5,3,3,completed
lap,14,lap_time_ms,1006,25,20,20,completed
lap,14,sector1_time_ms,987,26,9,9,completed
lap,14,sector2_time_ms,1006,26,10,10,completed
lap,14,sector3_time_ms,1006,8,3,3,completed
lap,14,speed_i1,1006,9,4,4,completed
lap,14,speed_i2,1006,18,6,6,completed
lap,14,speed_fl,1006,105,105,105,completed
lap,14,speed_st,1006,118,89,89,completed
lap,16,lap_time_ms,1228,15,8,8,completed
lap,16,sector1_time_ms,1225,23,11,11,completed
lap,16,sector2_time_ms,1226,19,8,8,completed
lap,16,sector3_time_ms,1227,19,5,5,completed
lap,16,speed_i1,1228,79,29,29,completed
lap,16,speed_i2,1228,6,1,1,completed
lap,16,speed_fl,1228,23,7,7,completed
lap,16,speed_st,1228,30,24,24,completed
lap,20,lap_time_ms,827,24,7,7,completed
lap,20,sector1_time_ms,827,22,7,7,completed
lap,20,sector2_time_ms,827,23,8,8,completed
lap,20,sector3_time_ms,827,31,11,11,completed
lap,20,speed_i1,827,6,6,6,completed
lap,20,speed_i2,827,5,5,5,completed
lap,20,speed_fl,827,27,8,8,completed
lap,20,speed_st,827,16,7,7,completed
lap,26,lap_time_ms,1279,25,18,18,completed
lap,26,sector1_time_ms,1261,31,17,17,completed
lap,26,sector2_time_ms,1279,19,8,8,completed
lap,26,sector3_time_ms,1279,44,29,29,completed
lap,26,speed_i1,1279,43,39,39,completed
lap,26,speed_i2,1279,151,33,33,completed
lap,26,speed_fl,1279,224,208,208,completed
lap,26,speed_st,1279,159,114,114,completed
lap,28,lap_time_ms,693,6,0,0,completed
lap,28,sector1_time_ms,693,15,7,7,completed
lap,28,sector2_time_ms,693,12,3,3,completed
lap,28,sector3_time_ms,693,17,1,1,completed
lap,28,speed_i1,693,18,4,4,completed
lap,28,speed_i2,693,15,0,0,completed
lap,28,speed_fl,693,1,0,0,completed
lap,28,speed_st,693,24,14,14,completed
lap,32,lap_time_ms,1031,21,9,9,completed
lap,32,sector1_time_ms,1031,25,15,15,completed
lap,32,sector2_time_ms,1031,15,11,11,completed
lap,32,sector3_time_ms,1031,37,25,25,completed
lap,32,speed_i1,1031,4,1,1,completed
lap,32,speed_i2,1031,5,1,1,completed
lap,32,speed_fl,1031,27,8,8,completed
lap,32,speed_st,1031,38,25,25,completed
lap,34,lap_time_ms,902,9,2,2,completed
lap,34,sector1_time_ms,902,17,10,10,completed
lap,34,sector2_time_ms,902,17,13,13,completed
lap,34,sector3_time_ms,902,15,8,8,completed
lap,34,speed_i1,902,15,6,6,completed
lap,34,speed_i2,902,27,11,11,completed
lap,34,speed_fl,902,7,5,5,completed
lap,34,speed_st,902,90,62,62,completed
lap,36,lap_time_ms,1141,36,15,15,completed
lap,36,sector1_time_ms,1141,38,24,24,completed
lap,36,sector2_time_ms,1141,36,20,20,completed
lap,36,sector3_time_ms,1141,25,13,13,completed
lap,36,speed_i1,1141,32,19,19,completed
lap,36,speed_i2,1141,66,43,43,completed
lap,36,speed_fl,1141,4,3,3,completed
lap,36,speed_st,1141,128,110,110,completed
lap,38,lap_time_ms,1130,34,23,23,completed
lap,38,sector1_time_ms,1112,64,44,44,completed
lap,38,sector2_time_ms,1130,30,12,12,completed
lap,38,sector3_time_ms,1130,11,4,4,completed
lap,38,speed_i1,1130,150,86,86,completed
lap,38,speed_i2,1130,28,17,17,completed
lap,38,speed_fl,1130,168,149,149,completed
lap,38,speed_st,1130,132,109,109,completed
lap,42,lap_time_ms,541,32,28,28,completed
lap,42,sector1_time_ms,521,18,14,14,completed
lap,42,sector2_time_ms,541,18,10,10,completed
lap,42,sector3_time_ms,541,22,16,16,completed
lap,42,speed_i1,541,3,2,2,completed
lap,42,speed_i2,541,8,2,2,completed
lap,42,speed_fl,541,50,30,30,completed
lap,42,speed_st,541,20,8,8,completed
lap,44,lap_time_ms,804,22,15,15,completed
lap,44,sector1_time_ms,785,11,5,5,completed
lap,44,sector2_time_ms,804,9,6,6,completed
lap,44,sector3_time_ms,804,20,13,13,completed
lap,44,speed_i1,804,12,5,5,completed
lap,44,speed_i2,804,71,35,35,completed
lap,44,speed_fl,804,6,5,5,completed
lap,44,speed_st,804,71,47,47,completed
lap,46,lap_time_ms,878,15,11,11,completed
lap,46,sector1_time_ms,858,3,2,2,completed
lap,46,sector2_time_ms,878,14,9,9,completed
lap,46,sector3_time_ms,878,5,3,3,completed
lap,46,speed_i1,878,10,7,7,completed
lap,46,speed_i2,878,5,1,1,completed
lap,46,speed_fl,878,28,28,28,completed
lap,46,speed_st,878,102,71,71,completed
lap,48,lap_time_ms,616,12,10,10,completed
lap,48,sector1_time_ms,598,0,0,0,completed
lap,48,sector2_time_ms,616,1,1,1,completed
lap,48,sector3_time_ms,616,0,0,0,completed
lap,48,speed_i1,616,5,4,4,completed
lap,48,speed_i2,616,16,5,5,completed
lap,48,speed_fl,616,31,56,31,completed
lap,48,speed_st,616,16,8,8,completed
lap,50,lap_time_ms,814,24,21,21,completed
lap,50,sector1_time_ms,794,17,2,2,completed
lap,50,sector2_time_ms,814,12,7,7,completed
lap,50,sector3_time_ms,814,20,12,12,completed
lap,50,speed_i1,814,11,5,5,completed
lap,50,speed_i2,814,8,4,4,completed
lap,50,speed_fl,814,3,8,3,completed
lap,50,speed_st,814,26,25,25,completed
lap,52,lap_time_ms,964,9,247,9,completed
lap,52,sector1_time_ms,964,0,246,0,completed
lap,52,sector2_time_ms,964,56,235,56,completed
lap,52,sector3_time_ms,964,29,250,29,completed
lap,52,speed_i1,964,10,27,10,completed
lap,52,speed_i2,964,6,5,5,completed
lap,52,speed_fl,964,16,1,1,completed
lap,52,speed_st,964,153,114,114,completed
lap,56,lap_time_ms,1060,7,1,1,completed
lap,56,sector1_time_ms,1060,32,10,10,completed
lap,56,sector2_time_ms,1060,11,3,3,completed
lap,56,sector3_time_ms,1060,14,3,3,completed
lap,56,speed_i1,1060,20,11,11,completed
lap,56,speed_i2,1060,19,14,14,completed
lap,56,speed_fl,1060,32,20,20,completed
lap,56,speed_st,1060,132,110,110,completed
lap,60,lap_time_ms,755,19,18,18,completed
lap,60,sector1_time_ms,734,7,1,1,completed
lap,60,sector2_time_ms,754,9,5,5,completed
lap,60,sector3_time_ms,754,6,3,3,completed
lap,60,speed_i1,755,9,3,3,completed
lap,60,speed_i2,755,6,3,3,completed
lap,60,speed_fl,755,18,5,5,completed
lap,60,speed_st,755,1,1,1,completed
lap,62,lap_time_ms,1025,30,21,21,completed
lap,62,sector1_time_ms,1005,14,6,6,completed
lap,62,sector2_time_ms,1025,33,18,18,completed
lap,62,sector3_time_ms,1025,50,17,17,completed
lap,62,speed_i1,1025,37,28,28,completed
lap,62,speed_i2,1025,10,1,1,completed
lap,62,speed_fl,1025,11,8,8,completed
lap,62,speed_st,1025,2,11,2,completed
lap,66,lap_time_ms,911,34,22,22,completed
lap,66,sector1_time_ms,893,5,0,0,completed
lap,66,sector2_time_ms,911,23,9,9,completed
lap,66,sector3_time_ms,911,14,1,1,completed
lap,66,speed_i1,911,1,0,0,completed
lap,66,speed_i2,911,11,1,1,completed
lap,66,speed_fl,911,2,1,1,completed
lap,66,speed_st,911,4,4,4,completed
lap,68,lap_time_ms,790,17,10,10,completed
lap,68,sector1_time_ms,790,24,8,8,completed
lap,68,sector2_time_ms,790,16,5,5,completed
lap,68,sector3_time_ms,790,14,6,6,completed
lap,68,speed_i1,790,3,1,1,completed
lap,68,speed_i2,790,13,9,9,completed
lap,68,speed_fl,790,2,108,2,completed
lap,68,speed_st,790,0,12,0,completed
lap,72,lap_time_ms,629,1,0,0,completed
lap,72,sector1_time_ms,629,8,1,1,completed
lap,72,sector2_time_ms,629,0,0,0,completed
lap,72,sector3_time_ms,629,17,4,4,completed
lap,72,speed_i1,629,21,1,1,completed
lap,72,speed_i2,629,9,0,0,completed
lap,72,speed_fl,629,23,9,9,completed
lap,72,speed_st,629,17,8,8,completed
lap,74,lap_time_ms,1069,36,21,21,completed
lap,74,sector1_time_ms,1049,30,19,19,completed
lap,74,sector2_time_ms,1069,24,13,13,completed
lap,74,sector3_time_ms,1069,32,15,15,completed
lap,74,speed_i1,1069,19,14,14,completed
lap,74,speed_i2,1069,49,11,11,completed
lap,74,speed_fl,1069,185,163,163,completed
lap,74,speed_st,1069,95,67,67,completed
lap,76,lap_time_ms,770,47,22,22,completed
lap,76,sector1_time_ms,750,41,25,25,completed
lap,76,sector2_time_ms,770,42,19,19,completed
lap,76,sector3_time_ms,770,12,2,2,completed
lap,76,speed_i1,770,21,7,7,completed
lap,76,speed_i2,770,2,2,2,completed
lap,76,speed_fl,770,4,1,1,completed
lap,76,speed_st,770,28,21,21,completed
lap,82,lap_time_ms,770,1,0,0,completed
lap,82,sector1_time_ms,770,7,2,2,completed
lap,82,sector2_time_ms,770,3,0,0,completed
lap,82,sector3_time_ms,770,4,2,2,completed
lap,82,speed_i1,770,17,5,5,completed
lap,82,speed_i2,770,11,7,7,completed
lap,82,speed_fl,770,3,3,3,completed
lap,82,speed_st,770,5,1,1,completed
lap,84,lap_time_ms,1298,27,20,20,completed
lap,84,sector1_time_ms,1278,35,20,20,completed
lap,84,sector2_time_ms,1298,28,20,20,completed
lap,84,sector3_time_ms,1298,29,17,17,completed
lap,84,speed_i1,1298,44,34,34,completed
lap,84,speed_i2,1298,58,28,28,completed
lap,84,speed_fl,1298,9,4,4,completed
lap,84,speed_st,1298,158,155,155,completed
lap,86,lap_time_ms,909,11,1,1,completed
lap,86,sector1_time_ms,909,20,7,7,completed
lap,86,sector2_time_ms,909,9,1,1,completed
lap,86,sector3_time_ms,909,12,1,1,completed
lap,86,speed_i1,909,31,0,0,completed
lap,86,speed_i2,909,16,4,4,completed
lap,86,speed_fl,909,137,108,108,completed
lap,86,speed_st,909,57,41,41,completed
lap,88,lap_time_ms,1036,19,16,16,completed
lap,88,sector1_time_ms,1016,11,4,4,completed
lap,88,sector2_time_ms,1036,22,8,8,completed
lap,88,sector3_time_ms,1036,9,4,4,completed
lap,88,speed_i1,1036,2,2,2,completed
lap,88,speed_i2,1036,36,13,13,completed
lap,88,speed_fl,1036,5,5,5,completed
lap,88,speed_st,1036,23,8,8,completed
