track_status_id,time_ms,status,message,session_id
1,0,1,AllClear,1
2,1137097,2,Yellow,1
3,1141420,1,AllClear,1
4,1987624,2,Yellow,1
5,2048126,1,AllClear,1
6,0,1,AllClear,2
7,1659918,2,Yellow,2
8,1661288,1,AllClear,2
9,2254997,2,Yellow,2
10,2292198,4,SCDeployed,2
11,2628936,1,AllClear,2
12,2687777,2,Yellow,2
13,2701019,1,AllClear,2
14,2733063,6,VSCDeployed,2
15,2776419,7,VSCEnding,2
16,2789986,1,AllClear,2
17,6613169,2,Yellow,2
18,6620738,1,AllClear,2
19,0,1,AllClear,3
20,1246651,2,Yellow,3
21,1259982,5,Red,3
22,1664629,1,AllClear,3
23,0,1,AllClear,4
24,213085,2,Yellow,4
25,576333,1,AllClear,4
26,2072243,2,Yellow,4
27,2076760,1,AllClear,4
28,2085778,2,Yellow,4
29,2095943,4,SCDeployed,4
30,2804410,1,AllClear,4
31,3156021,2,Yellow,4
32,3161451,1,AllClear,4
33,3436023,2,Yellow,4
34,3438095,1,AllClear,4
35,5010732,2,Yellow,4
36,5084242,4,SCDeployed,4
37,5260736,5,Red,4
38,6588562,1,AllClear,4
39,7089632,2,Yellow,4
40,7109648,1,AllClear,4
41,7344487,2,Yellow,4
42,7360089,1,AllClear,4
43,9204703,2,Yellow,4
44,9212700,1,AllClear,4
45,459367,1,AllClear,5
46,1491907,2,Yellow,5
47,1510447,1,AllClear,5
48,1608460,2,Yellow,5
49,1623965,1,AllClear,5
50,0,1,AllClear,6
51,2104391,4,SCDeployed,6
52,2693571,1,AllClear,6
53,682753,1,AllClear,7
54,818039,1,AllClear,8
55,2602754,2,Yellow,8
56,2662323,4,SCDeployed,8
57,2927890,1,AllClear,8
58,0,1,AllClear,9
59,2242087,2,Yellow,9
60,2307314,1,AllClear,9
61,3458188,2,Yellow,9
62,3463207,1,AllClear,9
63,4474326,2,Yellow,9
64,4482346,5,Red,9
65,0,1,AllClear,10
66,0,1,AllClear,11
67,1131464,2,Yellow,11
68,1139406,5,Red,11
69,1704272,1,AllClear,11
70,2068169,2,Yellow,11
71,2080170,5,Red,11
72,2535858,1,AllClear,11
73,3063087,2,Yellow,11
74,3095141,1,AllClear,11
75,3469061,2,Yellow,11
76,3507728,1,AllClear,11
77,4462783,2,Yellow,11
78,4471574,5,Red,11
79,4816014,1,AllClear,11
80,5754140,2,Yellow,11
81,5759688,5,Red,11
82,169680,1,AllClear,12
83,1659207,2,Yellow,12
84,1668096,1,AllClear,12
85,1706329,2,Yellow,12
86,1710945,1,AllClear,12
87,1937953,2,Yellow,12
88,1939329,1,AllClear,12
89,2007961,2,Yellow,12
90,2012467,1,AllClear,12
91,2464172,2,Yellow,12
92,2468798,1,AllClear,12
93,3207543,2,Yellow,12
94,3231158,1,AllClear,12
95,4529316,2,Yellow,12
96,4531501,1,AllClear,12
97,4644211,2,Yellow,12
98,4654620,1,AllClear,12
99,5277646,2,Yellow,12
100,5312488,4,SCDeployed,12
101,6102267,1,AllClear,12
102,7297754,2,Yellow,12
103,7366814,4,SCDeployed,12
104,7563265,5,Red,12
105,7716346,1,AllClear,12
106,7824360,2,Yellow,12
107,7837354,1,AllClear,12
108,9850459,2,Yellow,12
109,9856002,1,AllClear,12
110,10119043,2,Yellow,12
111,10242346,1,AllClear,12
112,512898,1,AllClear,13
113,1072232,2,Yellow,13
114,1094390,5,Red,13
115,1597952,1,AllClear,13
116,2477975,2,Yellow,13
117,2490178,5,Red,13
118,2718017,1,AllClear,13
119,82354,1,AllClear,14
120,68055,1,AllClear,15
121,0,1,AllClear,16
122,2014794,2,Yellow,16
123,2018604,1,AllClear,16
124,506870,1,AllClear,17
125,874915,1,AllClear,18
126,3774246,4,SCDeployed,18
127,4017843,1,AllClear,18
128,8740520,2,Yellow,18
129,8802654,1,AllClear,18
130,0,1,AllClear,19
133,447496,1,AllClear,20
134,1287130,2,Yellow,20
135,1293982,1,AllClear,20
136,3797629,2,Yellow,20
137,3811052,4,SCDeployed,20
138,3938849,5,Red,20
139,5442127,1,AllClear,20
140,6366806,2,Yellow,20
141,6375709,1,AllClear,20
142,10374926,2,Yellow,20
143,10384718,1,AllClear,20
146,2890956,2,Yellow,21
147,2898776,5,Red,21
148,3261189,1,AllClear,21
149,420122,1,AllClear,22
150,3749505,2,Yellow,22
151,3803239,4,SCDeployed,22
152,3975187,5,Red,22
153,4895973,1,AllClear,22
154,10637504,2,Yellow,22
155,10643516,1,AllClear,22
156,11311789,2,Yellow,22
157,0,1,AllClear,23
158,1848056,2,Yellow,23
159,1869113,1,AllClear,23
160,4672348,2,Yellow,23
161,4679786,5,Red,23
162,7061465,1,AllClear,23
163,0,1,AllClear,24
164,1525432,2,Yellow,24
165,1937778,1,AllClear,24
166,5380939,5,Red,24
167,15020221,1,AllClear,24
168,15875144,5,Red,24
169,0,1,AllClear,25
170,3061027,2,Yellow,25
171,3066270,5,Red,25
172,3526492,1,AllClear,25
173,3794341,2,Yellow,25
174,3797281,5,Red,25
175,4645560,1,AllClear,25
176,0,1,AllClear,26
177,6493346,2,Yellow,26
178,6500519,1,AllClear,26
179,0,1,AllClear,27
180,0,2,Yellow,28
181,477070,1,AllClear,28
182,3781414,2,Yellow,28
183,3790010,1,AllClear,28
184,3801515,6,VSCDeployed,28
185,3840484,7,VSCEnding,28
186,3850726,1,AllClear,28
187,5966397,2,Yellow,28
188,5980973,4,SCDeployed,28
189,6652042,1,AllClear,28
190,6787940,2,Yellow,28
191,6797838,1,AllClear,28
192,7566050,2,Yellow,28
193,7592398,1,AllClear,28
194,7765958,2,Yellow,28
195,7803983,6,VSCDeployed,28
196,7859312,7,VSCEnding,28
197,7870949,1,AllClear,28
198,0,2,Yellow,29
199,490862,1,AllClear,29
200,1286037,2,Yellow,29
201,1314486,1,AllClear,29
202,1591120,2,Yellow,29
203,1593913,1,AllClear,29
204,1829334,2,Yellow,29
205,1840829,1,AllClear,29
206,2885943,2,Yellow,29
207,2888085,1,AllClear,29
208,4579672,2,Yellow,29
209,4591369,1,AllClear,29
210,4663207,2,Yellow,29
211,4679916,1,AllClear,29
212,0,1,AllClear,30
213,3920560,2,Yellow,30
214,3938804,1,AllClear,30
215,8539389,2,Yellow,30
216,8540695,1,AllClear,30
217,8543311,2,Yellow,30
218,8548703,1,AllClear,30
219,8628889,2,Yellow,30
220,8636244,1,AllClear,30
221,8643459,2,Yellow,30
222,8647039,1,AllClear,30
223,8914381,2,Yellow,30
224,8919190,1,AllClear,30
225,8932985,2,Yellow,30
226,8956753,1,AllClear,30
227,8980179,2,Yellow,30
228,9001080,1,AllClear,30
229,0,1,AllClear,31
230,892233,2,Yellow,31
231,899921,1,AllClear,31
232,914227,2,Yellow,31
233,921057,1,AllClear,31
234,1190019,2,Yellow,31
235,1210458,1,AllClear,31
236,1342361,2,Yellow,31
237,1357199,1,AllClear,31
238,2401919,2,Yellow,31
239,2423987,1,AllClear,31
240,2761164,2,Yellow,31
241,2771475,1,AllClear,31
242,3068310,2,Yellow,31
243,3069373,1,AllClear,31
244,0,2,Yellow,32
245,389703,1,AllClear,32
246,2010711,2,Yellow,32
247,2020018,1,AllClear,32
248,3754600,2,Yellow,32
249,3758755,1,AllClear,32
250,3821022,2,Yellow,32
251,3833827,1,AllClear,32
252,3875505,2,Yellow,32
253,3880746,1,AllClear,32
254,5829369,2,Yellow,32
255,5835408,1,AllClear,32
256,7243862,2,Yellow,32
257,7247732,1,AllClear,32
258,7274067,2,Yellow,32
259,7275601,1,AllClear,32
260,0,1,AllClear,33
261,1932003,2,Yellow,33
262,1937833,1,AllClear,33
263,0,1,AllClear,34
264,3772943,2,Yellow,34
265,3795704,1,AllClear,34
266,6513645,6,VSCDeployed,34
267,6533725,7,VSCEnding,34
268,6546486,1,AllClear,34
269,9091754,2,Yellow,34
270,9095851,1,AllClear,34
271,0,1,AllClear,35
272,1317506,2,Yellow,35
273,1322820,5,Red,35
274,2616232,1,AllClear,35
275,4845606,2,Yellow,35
276,4853303,1,AllClear,35
277,4855460,2,Yellow,35
278,4860628,1,AllClear,35
279,0,2,Yellow,36
280,425555,1,AllClear,36
281,3745133,2,Yellow,36
282,3782255,4,SCDeployed,36
283,4207807,1,AllClear,36
284,551421,1,AllClear,37
285,836358,1,AllClear,38
286,4133051,4,SCDeployed,38
287,4555042,1,AllClear,38
288,4750057,6,VSCDeployed,38
289,4948753,7,VSCEnding,38
290,4960247,1,AllClear,38
291,6189876,6,VSCDeployed,38
292,6237781,7,VSCEnding,38
293,6251332,1,AllClear,38
294,0,1,AllClear,39
295,4490884,2,Yellow,39
296,4494498,1,AllClear,39
297,4502124,2,Yellow,39
298,4506474,1,AllClear,39
299,3111,2,Yellow,40
300,232277,1,AllClear,40
301,239214,2,Yellow,40
302,241194,1,AllClear,40
303,245123,2,Yellow,40
304,247302,1,AllClear,40
305,255014,2,Yellow,40
306,256350,1,AllClear,40
307,258118,2,Yellow,40
308,260445,1,AllClear,40
309,272642,2,Yellow,40
310,274814,1,AllClear,40
311,3655060,2,Yellow,40
312,3656400,1,AllClear,40
313,6689252,2,Yellow,40
314,6711290,1,AllClear,40
315,6723476,2,Yellow,40
316,6734727,1,AllClear,40
317,8204912,2,Yellow,40
318,8212398,1,AllClear,40
319,8213692,2,Yellow,40
320,8220909,1,AllClear,40
321,8359105,2,Yellow,40
322,8361483,1,AllClear,40
323,8589971,6,VSCDeployed,40
324,8747258,7,VSCEnding,40
325,8759667,1,AllClear,40
326,0,1,AllClear,41
327,2814357,2,Yellow,41
328,2824262,1,AllClear,41
329,3300412,2,Yellow,41
330,3304265,1,AllClear,41
331,4538971,2,Yellow,41
332,0,1,AllClear,42
333,1853856,2,Yellow,42
334,1872451,1,AllClear,42
335,3013042,2,Yellow,42
336,3014845,1,AllClear,42
337,4558449,2,Yellow,42
338,4570264,4,SCDeployed,42
339,5092688,5,Red,42
340,5661474,1,AllClear,42
341,6467276,2,Yellow,42
342,6502569,5,Red,42
343,7234203,1,AllClear,42
344,8543419,2,Yellow,42
345,8590025,6,VSCDeployed,42
346,8698871,7,VSCEnding,42
347,8709931,1,AllClear,42
348,9007808,6,VSCDeployed,42
349,9043353,7,VSCEnding,42
350,9058271,1,AllClear,42
351,9182530,6,VSCDeployed,42
352,9612660,7,VSCEnding,42
353,9623767,1,AllClear,42
354,9892318,6,VSCDeployed,42
355,9926606,7,VSCEnding,42
356,9939453,1,AllClear,42
357,0,2,Yellow,43
358,2383,1,AllClear,43
359,1595909,5,Red,43
360,1718749,1,AllClear,43
361,2286782,2,Yellow,43
362,2381981,1,AllClear,43
363,3079179,2,Yellow,43
364,3080092,1,AllClear,43
365,3395387,2,Yellow,43
366,3405399,1,AllClear,43
367,3409714,2,Yellow,43
368,3410634,1,AllClear,43
369,3414003,2,Yellow,43
370,3414805,1,AllClear,43
371,3648104,2,Yellow,43
372,3751789,1,AllClear,43
373,0,1,AllClear,44
374,6006247,2,Yellow,44
375,6047317,1,AllClear,44
376,6903019,6,VSCDeployed,44
377,7073608,7,VSCEnding,44
378,7086176,1,AllClear,44
379,8438379,2,Yellow,44
380,8454313,4,SCDeployed,44
381,9062298,1,AllClear,44
382,0,1,AllClear,45
383,4528456,2,Yellow,45
384,4649762,1,AllClear,45
385,816667,1,AllClear,46
386,5149895,2,Yellow,46
387,5158557,1,AllClear,46
388,8239828,6,VSCDeployed,46
389,8259726,4,SCDeployed,46
390,8934157,1,AllClear,46
391,9533199,2,Yellow,46
392,0,2,Yellow,47
393,387639,1,AllClear,47
394,1256925,2,Yellow,47
395,1262731,5,Red,47
396,1607435,1,AllClear,47
397,3447080,5,Red,47
398,6542475,1,AllClear,47
399,0,1,AllClear,48
400,106583,2,Yellow,48
401,660955,1,AllClear,48
402,1446423,2,Yellow,48
403,1862766,1,AllClear,48
404,5226240,2,Yellow,48
405,5252923,6,VSCDeployed,48
406,5271962,4,SCDeployed,48
407,5920471,1,AllClear,48
408,7513559,2,Yellow,48
409,7580738,6,VSCDeployed,48
410,7884173,7,VSCEnding,48
411,7896808,1,AllClear,48
412,8612259,2,Yellow,48
413,8619541,1,AllClear,48
414,8620529,2,Yellow,48
415,8628232,1,AllClear,48
416,8652424,2,Yellow,48
417,0,2,Yellow,49
418,125532,1,AllClear,49
419,1126122,2,Yellow,49
420,1130608,1,AllClear,49
421,1294503,2,Yellow,49
422,1298664,1,AllClear,49
423,1860192,5,Red,49
424,2643441,1,AllClear,49
425,3054737,2,Yellow,49
426,3288395,1,AllClear,49
427,3709243,2,Yellow,49
428,3720446,1,AllClear,49
429,4638599,2,Yellow,49
430,4902726,1,AllClear,49
431,5217118,2,Yellow,49
432,5223335,5,Red,49
433,5755223,1,AllClear,49
434,689385,1,AllClear,50
435,3891877,2,Yellow,50
436,3947999,6,VSCDeployed,50
437,3994882,4,SCDeployed,50
438,4413242,1,AllClear,50
439,5844288,2,Yellow,50
440,5846582,1,AllClear,50
441,5848643,2,Yellow,50
442,5860082,4,SCDeployed,50
443,6330263,1,AllClear,50
444,7377882,6,VSCDeployed,50
445,7482705,7,VSCEnding,50
446,7496094,1,AllClear,50
447,9174609,2,Yellow,50
448,9176747,1,AllClear,50
449,9205544,2,Yellow,50
450,9321742,1,AllClear,50
451,627909,1,AllClear,51
452,982026,5,Red,51
453,1380043,1,AllClear,51
454,2090440,2,Yellow,51
455,2111316,1,AllClear,51
456,3094773,2,Yellow,51
457,3105709,5,Red,51
458,3491513,1,AllClear,51
459,4938485,2,Yellow,51
460,4957252,5,Red,51
461,5081700,1,AllClear,51
462,5623125,2,Yellow,51
463,5660621,5,Red,51
464,6283212,1,AllClear,51
465,6630511,2,Yellow,51
466,6648138,5,Red,51
467,0,1,AllClear,52
468,3743363,2,Yellow,52
469,3793645,4,SCDeployed,52
470,4253647,1,AllClear,52
471,6132719,2,Yellow,52
472,6139717,1,AllClear,52
473,8445792,2,Yellow,52
474,8455223,1,AllClear,52
475,188549,1,AllClear,53
476,128769,1,AllClear,54
477,5581398,2,Yellow,54
478,5591895,1,AllClear,54
479,7528249,2,Yellow,54
480,7528608,6,VSCDeployed,54
481,7609739,4,SCDeployed,54
482,8382516,1,AllClear,54
483,8409086,2,Yellow,54
484,8410661,1,AllClear,54
485,9062228,2,Yellow,54
486,9069097,1,AllClear,54
487,9298268,2,Yellow,54
488,9299877,1,AllClear,54
489,0,2,Yellow,55
490,168828,1,AllClear,55
491,0,2,Yellow,56
492,450185,1,AllClear,56
493,3767426,2,Yellow,56
494,3779996,1,AllClear,56
495,4296002,2,Yellow,56
496,4308338,1,AllClear,56
497,4465457,2,Yellow,56
498,4473638,1,AllClear,56
502,1854164,5,Red,57
503,2014450,1,AllClear,57
504,2543055,2,Yellow,57
505,2546608,1,AllClear,57
506,4277836,2,Yellow,57
507,4280034,1,AllClear,57
508,4760310,2,Yellow,57
509,4770597,5,Red,57
510,0,1,AllClear,58
511,1531516,2,Yellow,58
512,1537692,1,AllClear,58
513,3063026,2,Yellow,58
514,3073019,1,AllClear,58
515,4762344,5,Red,58
516,7338135,1,AllClear,58
517,7559441,2,Yellow,58
518,7575238,1,AllClear,58
519,7641514,4,SCDeployed,58
520,7717509,1,AllClear,58
521,8067027,2,Yellow,58
522,8069640,1,AllClear,58
523,8505327,2,Yellow,58
524,8512470,1,AllClear,58
525,8579472,2,Yellow,58
526,8586994,1,AllClear,58
527,9195824,2,Yellow,58
528,9199417,1,AllClear,58
529,9474716,2,Yellow,58
530,9481377,1,AllClear,58
531,9992826,2,Yellow,58
532,10006261,6,VSCDeployed,58
533,10113853,4,SCDeployed,58
534,10442815,5,Red,58
535,11408667,1,AllClear,58
536,13803263,2,Yellow,58
537,13810544,1,AllClear,58
538,14075000,2,Yellow,58
539,14083128,1,AllClear,58
540,14660991,2,Yellow,58
541,898,2,Yellow,59
542,443085,1,AllClear,59
543,536410,2,Yellow,59
544,543469,1,AllClear,59
545,2049781,2,Yellow,59
546,2053001,1,AllClear,59
547,2245531,2,Yellow,59
548,2248987,1,AllClear,59
549,2249874,2,Yellow,59
550,2251216,1,AllClear,59
551,2623667,2,Yellow,59
552,2637103,1,AllClear,59
553,2716607,2,Yellow,59
554,2719485,1,AllClear,59
555,2720207,2,Yellow,59
556,2731211,5,Red,59
557,3089999,1,AllClear,59
558,3517260,2,Yellow,59
559,3565038,1,AllClear,59
560,4363111,2,Yellow,59
561,4390885,1,AllClear,59
562,4479591,2,Yellow,59
563,4482256,1,AllClear,59
564,4715808,2,Yellow,59
565,4739751,1,AllClear,59
566,4747156,2,Yellow,59
567,4766084,1,AllClear,59
568,4766833,2,Yellow,59
569,4768389,1,AllClear,59
570,3133,2,Yellow,60
571,12284,1,AllClear,60
572,14876,2,Yellow,60
573,708278,1,AllClear,60
574,1240673,2,Yellow,60
575,1267849,1,AllClear,60
576,3097173,2,Yellow,60
577,3103773,1,AllClear,60
578,3107484,2,Yellow,60
579,3127769,1,AllClear,60
580,3134690,2,Yellow,60
581,3144748,1,AllClear,60
582,4690247,2,Yellow,60
583,4749213,6,VSCDeployed,60
584,4866431,7,VSCEnding,60
585,4880621,1,AllClear,60
586,5186185,2,Yellow,60
587,5192065,1,AllClear,60
588,7365972,2,Yellow,60
589,7402133,6,VSCDeployed,60
590,7647871,7,VSCEnding,60
591,7660908,1,AllClear,60
592,9508902,2,Yellow,60
593,0,2,Yellow,61
594,5835,1,AllClear,61
595,1914119,2,Yellow,61
596,1934046,1,AllClear,61
597,2639838,2,Yellow,61
598,2684560,1,AllClear,61
599,2689708,2,Yellow,61
600,2758347,5,Red,61
601,3304902,1,AllClear,61
602,5081378,2,Yellow,61
603,5090389,1,AllClear,61
604,0,2,Yellow,62
605,361850,1,AllClear,62
606,4366079,2,Yellow,62
607,4391665,6,VSCDeployed,62
608,4555176,7,VSCEnding,62
609,4569743,1,AllClear,62
610,5272759,2,Yellow,62
611,5290130,6,VSCDeployed,62
612,5375617,7,VSCEnding,62
613,5389731,1,AllClear,62
614,7595092,2,Yellow,62
615,7639350,4,SCDeployed,62
616,8285440,1,AllClear,62
617,0,1,AllClear,63
618,1169902,2,Yellow,63
619,1182043,1,AllClear,63
620,4113612,2,Yellow,63
621,4134151,1,AllClear,63
622,4514490,2,Yellow,63
623,4516245,1,AllClear,63
624,0,1,AllClear,64
625,3746276,2,Yellow,64
626,3758097,5,Red,64
627,6842388,1,AllClear,64
628,7913059,2,Yellow,64
629,7923034,1,AllClear,64
630,10558711,2,Yellow,64
631,10571429,4,SCDeployed,64
632,11091200,1,AllClear,64
633,12051705,2,Yellow,64
634,12167062,1,AllClear,64
635,0,1,AllClear,65
636,4154651,2,Yellow,65
637,4171948,5,Red,65
638,4455843,1,AllClear,65
639,4972455,2,Yellow,65
640,4978841,5,Red,65
641,5280438,1,AllClear,65
642,485416,1,AllClear,66
643,6538964,2,Yellow,66
644,6554531,1,AllClear,66
645,7758938,2,Yellow,66
646,7761419,1,AllClear,66
647,7766637,2,Yellow,66
648,7818024,6,VSCDeployed,66
649,7966453,7,VSCEnding,66
650,7978041,1,AllClear,66
651,0,1,AllClear,67
652,0,1,AllClear,68
653,920751,2,Yellow,68
654,923161,1,AllClear,68
655,924861,2,Yellow,68
656,927740,1,AllClear,68
657,2622474,2,Yellow,68
658,2637738,1,AllClear,68
659,4315277,2,Yellow,68
660,4335584,4,SCDeployed,68
661,4682505,1,AllClear,68
662,4878845,2,Yellow,68
663,4897000,1,AllClear,68
664,6421605,2,Yellow,68
665,6427661,1,AllClear,68
666,7504377,2,Yellow,68
667,7547311,6,VSCDeployed,68
668,7605700,7,VSCEnding,68
669,7664438,1,AllClear,68
670,0,1,AllClear,69
671,0,2,Yellow,70
672,256015,1,AllClear,70
673,3767449,2,Yellow,70
674,3780518,1,AllClear,70
675,3815598,6,VSCDeployed,70
676,3942914,7,VSCEnding,70
677,3953098,1,AllClear,70
678,6701509,2,Yellow,70
679,6716165,1,AllClear,70
680,7244321,2,Yellow,70
681,7246696,1,AllClear,70
682,7759027,2,Yellow,70
683,7761966,1,AllClear,70
684,7766516,2,Yellow,70
685,7768570,1,AllClear,70
686,9419872,2,Yellow,70
687,9456563,6,VSCDeployed,70
688,9567997,7,VSCEnding,70
689,9581769,1,AllClear,70
690,0,2,Yellow,71
691,1659289,1,AllClear,71
692,89745,1,AllClear,72
693,1837879,2,Yellow,72
694,1869838,1,AllClear,72
695,3806855,2,Yellow,72
696,3812069,1,AllClear,72
697,3918853,2,Yellow,72
698,3951780,4,SCDeployed,72
699,4377770,1,AllClear,72
700,8920049,2,Yellow,72
701,9056014,1,AllClear,72
702,0,1,AllClear,73
703,2466805,5,Red,73
704,2680162,1,AllClear,73
705,4754094,2,Yellow,73
706,4761101,1,AllClear,73
707,4881815,2,Yellow,73
708,4926684,1,AllClear,73
709,0,1,AllClear,74
710,3820534,2,Yellow,74
711,3826992,1,AllClear,74
712,3984939,2,Yellow,74
713,3988074,1,AllClear,74
714,7079631,2,Yellow,74
715,7140629,1,AllClear,74
716,7319716,2,Yellow,74
717,7348234,6,VSCDeployed,74
718,7563103,7,VSCEnding,74
719,7576780,1,AllClear,74
720,7981978,2,Yellow,74
721,8058971,4,SCDeployed,74
722,8626597,1,AllClear,74
723,0,2,Yellow,75
724,183070,1,AllClear,75
727,512384,1,AllClear,76
728,4698928,2,Yellow,76
729,4708703,1,AllClear,76
730,4709579,2,Yellow,76
731,4730912,6,VSCDeployed,76
732,4801263,7,VSCEnding,76
733,4814670,1,AllClear,76
734,7782002,2,Yellow,76
735,7843523,4,SCDeployed,76
736,0,1,AllClear,77
737,1259009,2,Yellow,77
738,1259881,1,AllClear,77
739,1311595,2,Yellow,77
740,1323776,1,AllClear,77
741,1360991,2,Yellow,77
742,1363330,1,AllClear,77
743,1543598,2,Yellow,77
744,1547906,1,AllClear,77
745,1996540,2,Yellow,77
746,2014076,1,AllClear,77
747,4199063,2,Yellow,77
748,4223920,1,AllClear,77
749,897999,1,AllClear,78
750,2888380,2,Yellow,78
751,4787419,1,AllClear,78
752,5846264,2,Yellow,78
753,6406991,1,AllClear,78
754,7726566,2,Yellow,78
755,7728063,1,AllClear,78
756,8482302,2,Yellow,78
757,8488424,1,AllClear,78
758,8505120,2,Yellow,78
759,8617736,4,SCDeployed,78
760,9005688,1,AllClear,78
761,10291439,2,Yellow,78
762,10328287,6,VSCDeployed,78
763,10500727,7,VSCEnding,78
764,10511300,1,AllClear,78
765,10845695,2,Yellow,78
766,10867906,1,AllClear,78
767,10873091,2,Yellow,78
768,10922127,6,VSCDeployed,78
769,11006325,7,VSCEnding,78
770,11018220,1,AllClear,78
771,11129126,2,Yellow,78
772,11216303,6,VSCDeployed,78
773,11455964,7,VSCEnding,78
774,11470227,1,AllClear,78
775,11820351,2,Yellow,78
776,11826680,1,AllClear,78
777,12168614,2,Yellow,78
778,12209510,4,SCDeployed,78
779,12798832,1,AllClear,78
780,0,1,AllClear,79
781,0,1,AllClear,80
782,3772655,2,Yellow,80
783,3792328,1,AllClear,80
784,3827819,2,Yellow,80
785,3850000,4,SCDeployed,80
786,4032953,5,Red,80
787,11027299,1,AllClear,80
788,0,1,AllClear,81
789,0,1,AllClear,82
790,606521,2,Yellow,82
791,608261,1,AllClear,82
792,885524,2,Yellow,82
793,887025,1,AllClear,82
794,888446,2,Yellow,82
795,890265,1,AllClear,82
796,930757,2,Yellow,82
797,934166,1,AllClear,82
798,3774062,2,Yellow,82
799,3778311,1,AllClear,82
800,5554068,2,Yellow,82
801,5586788,4,SCDeployed,82
802,6114800,1,AllClear,82
803,6185660,2,Yellow,82
804,6193471,4,SCDeployed,82
805,6739096,1,AllClear,82
806,0,2,Yellow,83
807,238502,1,AllClear,83
808,1887365,2,Yellow,83
809,1889637,1,AllClear,83
810,2936,2,Yellow,84
811,391711,1,AllClear,84
812,9094690,2,Yellow,84
813,9117090,6,VSCDeployed,84
814,9170946,7,VSCEnding,84
815,9182399,1,AllClear,84
816,0,1,AllClear,85
817,3931530,2,Yellow,85
818,3945795,5,Red,85
819,4221300,1,AllClear,85
820,810735,1,AllClear,86
821,3754787,2,Yellow,86
822,3764831,4,SCDeployed,86
823,4372027,1,AllClear,86
824,4429890,2,Yellow,86
825,4441337,1,AllClear,86
826,7902913,2,Yellow,86
827,7965520,6,VSCDeployed,86
828,8123432,4,SCDeployed,86
829,8712153,1,AllClear,86
830,0,1,AllClear,87
831,1153140,2,Yellow,87
832,1155716,1,AllClear,87
833,0,1,AllClear,88
834,139161,2,Yellow,88
835,141239,1,AllClear,88
836,7217981,2,Yellow,88
837,7227096,1,AllClear,88
